Nombre,Organización (sigla),Organización,Tipo de organización,Cargo,Formación / trayectoria relevante,Verificación del cargo,URL fuente cargo,Fuente (listado),Notas
Felipe Lagno,CODELCO,Corporación Nacional del Cobre de Chile,Minera estatal,Jefe Corporativo de Innovación y Tecnología,Ex Head of Innovation in Metallurgical Processes (Codelco); ex Ecometales; ex IM2,Parcial (directorio de terceros),https://theorg.com/org/codelco/org-chart/felipe-lagno,Estudio Ecosistema de Tecnología en Minería – Expande (Fundación Chile),
Samu Cortés,CODELCO,Corporación Nacional del Cobre de Chile,Minera estatal,Sin dato público,,No encontrado,,Estudio Ecosistema de Tecnología en Minería – Expande (Fundación Chile),Probable Samuel Cortés
Ana María González,CODELCO,Corporación Nacional del Cobre de Chile,Minera estatal,Sin dato público,,No encontrado,,Estudio Ecosistema de Tecnología en Minería – Expande (Fundación Chile),
José Miguel Celis,CODELCO,Corporación Nacional del Cobre de Chile,Minera estatal,"Jefe de Control de Gestión de Innovación, Gerencia Corporativa de Innovación",Ing. Civil Industrial (UTFSM); Magíster en Gestión y Emprendimiento Tecnológico (UAI),Parcial (LinkedIn),https://www.linkedin.com/in/jmcelisg/,Estudio Ecosistema de Tecnología en Minería – Expande (Fundación Chile),
Francisco Lozano,AMSA,Antofagasta Minerals,Minera privada,Gerente de Innovación,Vocero de innovación AMSA en Exponor (90–100 proyectos activos),"Confirmado (prensa, jul-2025)",https://www.reporteminero.cl/noticia/exponor-2026/2025/07/exponor-2026-antofagasta-minerals-y-codelco-impulsan-la-innovacion-desde-el-epicentro-de-la-mineria,Estudio Ecosistema de Tecnología en Minería – Expande (Fundación Chile),
Lisette Wen,AMSA,Antofagasta Minerals,Minera privada,Subgerenta de Innovación Operacional,Premiada en reconocimientos internos AMSA (dic-2024),"Parcial (prensa, dic-2024)",https://www.litoralpress.cl/SimbiuPDF/2024/12/01/5533994.pdf,Estudio Ecosistema de Tecnología en Minería – Expande (Fundación Chile),
Daniel Pérez,AMSA,Antofagasta Minerals,Minera privada,Ingeniero de Innovación,Premiado en reconocimientos internos AMSA (dic-2024),"Parcial (prensa, dic-2024)",https://www.litoralpress.cl/SimbiuPDF/2024/12/01/5533994.pdf,Estudio Ecosistema de Tecnología en Minería – Expande (Fundación Chile),
Sebastián Ríos,PuCobre,Sociedad Punta del Cobre S.A.,Minera privada (mediana),Gerente General,,Confirmado (prensa),https://www.nostalgica.cl/sebastian-rios-gerente-general-de-pucobre-converso-en-exclusiva-con-nostalgica-desde-minexpo-2024-en-las-vegas/,Estudio Ecosistema de Tecnología en Minería – Expande (Fundación Chile),
Claudio Soto,PuCobre,Sociedad Punta del Cobre S.A.,Minera privada (mediana),Sin dato público,,No encontrado,,Estudio Ecosistema de Tecnología en Minería – Expande (Fundación Chile),
Andoni Torrontegui,ENAMI,Empresa Nacional de Minería,Minera estatal,Sin dato público,,No encontrado,,Estudio Ecosistema de Tecnología en Minería – Expande (Fundación Chile),
Magdalena Andrade,ENAMI,Empresa Nacional de Minería,Minera estatal,Sin dato público,,No encontrado,,Estudio Ecosistema de Tecnología en Minería – Expande (Fundación Chile),
Natalia Vicencio,SQM Litio,SQM – Sociedad Química y Minera de Chile,Minera privada (litio),Ingeniera de Procesos,"Diseño/optimización de procesos, Extracción Directa de Litio (DLE), scouting tecnológico",Parcial (LinkedIn; podría ya no estar en SQM),https://www.linkedin.com/in/natalia-vicencio-53b60627/,Estudio Ecosistema de Tecnología en Minería – Expande (Fundación Chile),
Victoria González,SQM Litio,SQM – Sociedad Química y Minera de Chile,Minera privada (litio),Sin dato público,,No encontrado,,Estudio Ecosistema de Tecnología en Minería – Expande (Fundación Chile),
Carlos Aros,BHP,BHP (Minerals Americas),Minera privada,Global Technology Procurement Manager,"+10 años en BHP: Manager Communities & Innovation, Lead Enterprise Innovation Min Am; impulsó BHP Tailings Challenge",Parcial (Endeavor / Expande),https://www.endeavor.cl/nuestra-red/carlos-aros/,Estudio Ecosistema de Tecnología en Minería – Expande (Fundación Chile),
Alejandra Gerlestein,BHP,BHP (Minerals Americas),Minera privada,Sin dato público,,No encontrado,,Estudio Ecosistema de Tecnología en Minería – Expande (Fundación Chile),Verificar ortografía del apellido
Juan Andrés Morel,Lundin Mining,Lundin Mining (Candelaria / Caserones),Minera privada,Vicepresidente Ejecutivo y Director General de Operaciones,"Ing. de Minas, +30 años; SVP & COO desde ago-2022; ex Escondida (BHP) y AMSA",Confirmado (prensa); título varía según fuente,https://www.mch.cl/minera-candelaria-conmemora-su-30-aniversario-reafirmando-su-compromiso-con-el-desarrollo-sustentable-de-atacama/,Estudio Ecosistema de Tecnología en Minería – Expande (Fundación Chile),
Osvaldo Urzúa,Karungen,Karungen,Consultora (política y estrategia minería/energía),Socio,Osvaldo Urzúa Winkler. Ing. Industrial (U. de Chile); PhD Política de Ciencia y Tecnología (U. de Sussex); MBA (ESADE),Confirmado (web empresa),https://www.karungen.com/nosotros/,Estudio Ecosistema de Tecnología en Minería – Expande (Fundación Chile),
Juan Carlos Román,Fundación Chile,Fundación Chile,Fundación / articulador,Director del Directorio de Fundación Chile (designado por Minera Escondida/BHP),Trayectoria en BHP y sector minero,Confirmado (web FCh),https://fch.cl/sobre-fch/directorio,Estudio Ecosistema de Tecnología en Minería – Expande (Fundación Chile),
Philip Wood,Fundación Chile,Fundación Chile – Expande,Fundación / articulador,Director de Minería,+25 años en minería; en FCh desde 2012,Confirmado (web Expande),https://expandemineria.cl/sobre-expande/?lang=en,Estudio Ecosistema de Tecnología en Minería – Expande (Fundación Chile),
Carolina Rojas,Fundación Chile,Fundación Chile – Expande,Fundación / articulador,Directora de Innovación Abierta en Minería (Expande),Ing. Civil Industrial,Confirmado (web FCh/Expande),https://fch.cl/en/about-us/fch-team/,Estudio Ecosistema de Tecnología en Minería – Expande (Fundación Chile),
Cristian Rojas,Ministerio de Minería,Ministerio de Minería de Chile,Sector público,"Jefe de Innovación y Desarrollo Minero, División de Estrategia y Políticas Públicas Mineras","Académico USACH (Ing. Económica y Evaluación de Proyectos, Depto. de Minas)",Parcial (bio de evento),https://www.netzerocircle.org/speakers/cristian-rojas,Estudio Ecosistema de Tecnología en Minería – Expande (Fundación Chile),
Ricardo Cerda,Ministerio de Minería,Ministerio de Minería de Chile,Sector público,Profesional en Innovación y Desarrollo Minero,Ricardo Cerda Guzmán. Ing. Civil de Minas; desde abr-2022; ex Codelco (vigilancia tecnológica) y Duam S.A.,Parcial (LinkedIn / TheOrg),https://theorg.com/org/ministerio-de-mineria/org-chart/ricardo-cerda,Estudio Ecosistema de Tecnología en Minería – Expande (Fundación Chile),
Paula Gómez,Independiente,Consultora independiente,Consultor independiente,Consultora independiente,No confirmado; posible coincidencia: María Paula Gómez Soto (ex innovación abierta Codelco),No confirmado,,Estudio Ecosistema de Tecnología en Minería – Expande (Fundación Chile),
Gonzalo Montoya,Independiente,Consultor independiente,Consultor independiente,"Consultor / Director, Sociedad de Ingeniería Montoya SpA","Ex Superintendente de Innovación y Tecnología, Minera Los Pelambres – AMSA (2017–2024)",Parcial (Gecamin / LinkedIn),https://gecamin.com/mineriadigital/2024/comiteall,Estudio Ecosistema de Tecnología en Minería – Expande (Fundación Chile),
