fecha,autor,plataforma,url
2026-09-21,@jjosecornejo,Instagram,https://www.instagram.com/p/DbmJZDpgiAC/?stkn=MTQxbnozNWR0MHJnMA==
2026-09-23,@jjosecornejo,TikTok,https://vt.tiktok.com/ZSbJnXEvE/
2026-09-23,@jjosecornejo,Perú Sostenible,https://cumbre.perusostenible.org/
2026-09-26,@jjosecornejo,TikTok,https://vt.tiktok.com/ZSbFjVEPY/
2026-09-26,@jjosecornejo,TikTok,https://vt.tiktok.com/ZSbYnx1T4/
2026-09-27,@jjosecornejo,TikTok,https://vt.tiktok.com/ZSb6qmdWN/
2026-09-28,@jjosecornejo,TikTok,https://vt.tiktok.com/ZSbrtVWoU/
2026-09-30,@jjosecornejo,TikTok,https://vt.tiktok.com/ZSbSXJCT6/
2026-10-02,@jjosecornejo,TikTok,https://vt.tiktok.com/ZSb5WBNkS/
2026-10-03,@jjosecornejo,LinkedIn,https://www.linkedin.com/posts/jos%C3%A9-ricardo-cornejo-z%C3%BA%C3%B1iga-429959115_nueva-promoci%C3%B3n-de-profesionales-sst-que-ugcPost-7512303395550965761-OvH5/?highlightedUpdateUrn=urn:li:ugcPost:7512303395550965761&highlightedUpdateType=SOCIAL_SHARE&origin=SOCIAL_SHARE&utm_medium=ios_app&rcm=ACoAABzLkCEB7wzNjDyRBfM7TyEvE-FNRO_aEgc&utm_source=social_share_send&utm_campaign=whatsapp
2026-10-03,@jjosecornejo,LinkedIn,https://www.linkedin.com/posts/jos%C3%A9-ricardo-cornejo-z%C3%BA%C3%B1iga-429959115_nueva-promoci%C3%B3n-de-profesionales-sst-que-ugcPost-7512331001256374273-uBo6/?highlightedUpdateUrn=urn:li:activity:7512331002254589952&highlightedUpdateType=SOCIAL_SHARE&origin=SOCIAL_SHARE&utm_medium=ios_app&rcm=ACoAABzLkCEB7wzNjDyRBfM7TyEvE-FNRO_aEgc&utm_source=social_share_send&utm_campaign=whatsapp
2026-10-04,@fredysavath,Gemini,https://share.gemini.google/YBtdhGLZM93S
2026-10-04,@jjosecornejo,TikTok,https://vt.tiktok.com/ZSb9X1fy1/
2026-10-06,@jjosecornejo,LinkedIn,https://www.linkedin.com/posts/jos%C3%A9-ricardo-cornejo-z%C3%BA%C3%B1iga-429959115_olv%C3%ADdate-de-las-diapositivas-qu%C3%ADtalas-de-share-7513374992072568833-ap_B/?highlightedUpdateUrn=urn:li:activity:7513374993733304320&highlightedUpdateType=SOCIAL_SHARE&origin=SOCIAL_SHARE&utm_medium=ios_app&rcm=ACoAABzLkCEB7wzNjDyRBfM7TyEvE-FNRO_aEgc&utm_source=social_share_send&utm_campaign=whatsapp
