id,fecha,hora,tipo,miembro,detalle
1,2026-09-20,23:06,Sistema,,[Notificación del sistema]
2,2026-09-21,12:24,Ingreso por enlace,+39 ···572,+39 ···572 se unieron mediante el enlace de invitación
3,2026-09-21,14:21,Ingreso por enlace,+52 ···701,+52 ···701 se unieron mediante el enlace de invitación
4,2026-09-23,01:09,Ingreso por enlace,+52 ···514,+52 ···514 se unieron mediante el enlace de invitación
5,2026-09-23,02:18,Ingreso por enlace,+51 ···863,+51 ···863 se unieron mediante el enlace de invitación
6,2026-09-23,06:59,Ingreso por enlace,+51 ···427,+51 ···427 se unieron mediante el enlace de invitación
7,2026-09-23,08:42,Ingreso por enlace,+504 ···994,+504 ···994 se unieron mediante el enlace de invitación
8,2026-09-23,18:48,Ingreso por enlace,+52 ···093,+52 ···093 se unieron mediante el enlace de invitación
9,2026-09-24,00:40,Ingreso por enlace,+52 ···018,+52 ···018 se unieron mediante el enlace de invitación
10,2026-09-24,02:13,Ingreso por enlace,+52 ···786,+52 ···786 se unieron mediante el enlace de invitación
11,2026-09-24,07:13,Ingreso por enlace,+56 ···314,+56 ···314 se unieron mediante el enlace de invitación
12,2026-09-24,13:09,Ingreso por enlace,+507 ···787,+507 ···787 se unieron mediante el enlace de invitación
13,2026-09-24,19:53,Sistema,,[Notificación del sistema]
14,2026-09-24,22:44,Añadido por miembro,+57 ···306,@coyfrancy añadió a +57 ···306
15,2026-09-25,13:04,Ingreso por enlace,@MoissCM,@MoissCM se unieron mediante el enlace de invitación
16,2026-09-26,23:19,Ingreso por enlace,+52 ···099,+52 ···099 se unieron mediante el enlace de invitación
17,2026-09-27,13:26,Ingreso por enlace,+51 ···065,+51 ···065 se unieron mediante el enlace de invitación
18,2026-09-28,11:36,Ingreso por enlace,+51 ···425,+51 ···425 se unieron mediante el enlace de invitación
19,2026-09-28,12:52,Sistema,,[Notificación del sistema]
20,2026-09-28,15:42,Añadido por miembro,+51 ···909,+51 ···869 añadió a +51 ···909
21,2026-09-28,18:20,Ingreso por enlace,+593 ···968,+593 ···968 se unieron mediante el enlace de invitación
22,2026-09-28,21:45,Ingreso por enlace,+51 ···462,+51 ···462 se unieron mediante el enlace de invitación
23,2026-09-28,22:45,Ingreso por enlace,+51 ···385,+51 ···385 se unieron mediante el enlace de invitación
24,2026-09-28,22:51,Ingreso por enlace,+57 ···408,+57 ···408 se unieron mediante el enlace de invitación
25,2026-09-29,12:14,Ingreso por enlace,+51 ···932,+51 ···932 se unieron mediante el enlace de invitación
26,2026-09-30,19:11,Ingreso por enlace,+51 ···405,+51 ···405 se unieron mediante el enlace de invitación
27,2026-09-30,21:33,Ingreso por enlace,+593 ···440,+593 ···440 se unieron mediante el enlace de invitación
28,2026-09-30,22:03,Ingreso por enlace,+52 ···200,+52 ···200 se unieron mediante el enlace de invitación
29,2026-10-01,00:43,Ingreso por enlace,+51 ···770,+51 ···770 se unieron mediante el enlace de invitación
30,2026-10-01,07:23,Ingreso por enlace,+52 ···483,+52 ···483 se unieron mediante el enlace de invitación
31,2026-10-01,14:10,Ingreso por enlace,+51 ···130,+51 ···130 se unieron mediante el enlace de invitación
32,2026-10-01,15:45,Ingreso por enlace,+51 ···568,+51 ···568 se unieron mediante el enlace de invitación
33,2026-10-02,23:46,Ingreso por enlace,+51 ···280,+51 ···280 se unieron mediante el enlace de invitación
34,2026-10-02,23:54,Ingreso por enlace,+51 ···208,+51 ···208 se unieron mediante el enlace de invitación
35,2026-10-02,23:59,Ingreso por enlace,+51 ···733,+51 ···733 se unieron mediante el enlace de invitación
36,2026-10-03,19:29,Ingreso por enlace,+58 ···785,+58 ···785 se unieron mediante el enlace de invitación
37,2026-10-04,17:35,Ingreso por enlace,+57 ···197,+57 ···197 se unieron mediante el enlace de invitación
38,2026-10-04,22:55,Ingreso por enlace,+593 ···055,+593 ···055 se unieron mediante el enlace de invitación
39,2026-10-05,00:30,Ingreso por enlace,+503 ···860,+503 ···860 se unieron mediante el enlace de invitación
40,2026-10-05,04:51,Ingreso por enlace,+52 ···572,+52 ···572 se unieron mediante el enlace de invitación
41,2026-10-05,21:51,Ingreso por enlace,+591 ···636,+591 ···636 se unieron mediante el enlace de invitación
42,2026-10-06,20:15,Eliminado del grupo,Tú,@jjosecornejo eliminó a Tú
