miembro,rol,pais,fecha_ingreso,via_ingreso,mensajes,primer_mensaje,ultimo_mensaje,estado
@jjosecornejo,Administrador,,,Anterior al export,83,2026-09-21,2026-10-06,Activo
@MaginVB,Miembro,,,Anterior al export,17,2026-09-23,2026-10-05,Activo
+51 ···445,Miembro,Perú,,Anterior al export,8,2026-09-24,2026-09-26,Activo
+51 ···869,Miembro,Perú,,Anterior al export,6,2026-09-23,2026-09-28,Activo
@LuchitoVillalobos,Miembro,,,Anterior al export,6,2026-09-26,2026-10-05,Activo
+51 ···571,Miembro,Perú,,Anterior al export,5,2026-09-24,2026-09-24,Activo
+51 ···775,Miembro,Perú,,Anterior al export,4,2026-09-24,2026-09-24,Activo
+51 ···871,Miembro,Perú,,Anterior al export,3,2026-09-24,2026-09-25,Activo
+51 ···917,Miembro,Perú,,Anterior al export,3,2026-09-30,2026-10-05,Activo
+51 ···146,Miembro,Perú,,Anterior al export,2,2026-09-24,2026-10-03,Activo
+51 ···367,Miembro,Perú,,Anterior al export,2,2026-10-02,2026-10-02,Activo
+51 ···585,Miembro,Perú,,Anterior al export,2,2026-09-24,2026-10-02,Activo
+51 ···638,Miembro,Perú,,Anterior al export,2,2026-10-01,2026-10-01,Activo
+51 ···692,Miembro,Perú,,Anterior al export,2,2026-09-28,2026-09-28,Activo
+52 ···093,Miembro,México,2026-09-23,Ingreso por enlace,2,2026-09-24,2026-09-24,Activo
+57 ···197,Miembro,Colombia,2026-10-04,Ingreso por enlace,2,2026-10-04,2026-10-04,Activo
Americo,Miembro,,,Anterior al export,2,2026-09-23,2026-09-25,Activo
+51 ···031,Miembro,Perú,,Anterior al export,1,2026-09-28,2026-09-28,Activo
+51 ···217,Miembro,Perú,,Anterior al export,1,2026-09-26,2026-09-26,Activo
+51 ···436,Miembro,Perú,,Anterior al export,1,2026-09-28,2026-09-28,Activo
+51 ···568,Miembro,Perú,2026-10-01,Ingreso por enlace,1,2026-10-04,2026-10-04,Activo
+51 ···973,Miembro,Perú,,Anterior al export,1,2026-10-03,2026-10-03,Activo
+57 ···073,Miembro,Colombia,,Anterior al export,1,2026-10-04,2026-10-04,Activo
+58 ···721,Miembro,Venezuela,,Anterior al export,1,2026-10-03,2026-10-03,Activo
+593 ···528,Miembro,Ecuador,,Anterior al export,1,2026-09-30,2026-09-30,Activo
+593 ···950,Miembro,Ecuador,,Anterior al export,1,2026-09-25,2026-09-25,Activo
@BryanMR18,Miembro,,,Anterior al export,1,2026-09-26,2026-09-26,Activo
@RonaldAngo,Miembro,,,Anterior al export,1,2026-09-24,2026-09-24,Activo
@fredysavath,Miembro,,,Anterior al export,1,2026-10-04,2026-10-04,Activo
@karlaoroscoch,Miembro,,,Anterior al export,1,2026-09-25,2026-09-25,Activo
+39 ···572,Miembro,Italia,2026-09-21,Ingreso por enlace,0,,,Silencioso
+503 ···860,Miembro,El Salvador,2026-10-05,Ingreso por enlace,0,,,Silencioso
+504 ···994,Miembro,Honduras,2026-09-23,Ingreso por enlace,0,,,Silencioso
+507 ···787,Miembro,Panamá,2026-09-24,Ingreso por enlace,0,,,Silencioso
+51 ···065,Miembro,Perú,2026-09-27,Ingreso por enlace,0,,,Silencioso
+51 ···130,Miembro,Perú,2026-10-01,Ingreso por enlace,0,,,Silencioso
+51 ···208,Miembro,Perú,2026-10-02,Ingreso por enlace,0,,,Silencioso
+51 ···280,Miembro,Perú,2026-10-02,Ingreso por enlace,0,,,Silencioso
+51 ···385,Miembro,Perú,2026-09-28,Ingreso por enlace,0,,,Silencioso
+51 ···405,Miembro,Perú,2026-09-30,Ingreso por enlace,0,,,Silencioso
+51 ···425,Miembro,Perú,2026-09-28,Ingreso por enlace,0,,,Silencioso
+51 ···427,Miembro,Perú,2026-09-23,Ingreso por enlace,0,,,Silencioso
+51 ···462,Miembro,Perú,2026-09-28,Ingreso por enlace,0,,,Silencioso
+51 ···733,Miembro,Perú,2026-10-02,Ingreso por enlace,0,,,Silencioso
+51 ···770,Miembro,Perú,2026-10-01,Ingreso por enlace,0,,,Silencioso
+51 ···863,Miembro,Perú,2026-09-23,Ingreso por enlace,0,,,Silencioso
+51 ···909,Miembro,Perú,2026-09-28,Añadido por miembro,0,,,Silencioso
+51 ···932,Miembro,Perú,2026-09-29,Ingreso por enlace,0,,,Silencioso
+52 ···018,Miembro,México,2026-09-24,Ingreso por enlace,0,,,Silencioso
+52 ···099,Miembro,México,2026-09-26,Ingreso por enlace,0,,,Silencioso
+52 ···200,Miembro,México,2026-09-30,Ingreso por enlace,0,,,Silencioso
+52 ···483,Miembro,México,2026-10-01,Ingreso por enlace,0,,,Silencioso
+52 ···514,Miembro,México,2026-09-23,Ingreso por enlace,0,,,Silencioso
+52 ···572,Miembro,México,2026-10-05,Ingreso por enlace,0,,,Silencioso
+52 ···701,Miembro,México,2026-09-21,Ingreso por enlace,0,,,Silencioso
+52 ···786,Miembro,México,2026-09-24,Ingreso por enlace,0,,,Silencioso
+56 ···314,Miembro,Chile,2026-09-24,Ingreso por enlace,0,,,Silencioso
+57 ···306,Miembro,Colombia,2026-09-24,Añadido por miembro,0,,,Silencioso
+57 ···408,Miembro,Colombia,2026-09-28,Ingreso por enlace,0,,,Silencioso
+58 ···785,Miembro,Venezuela,2026-10-03,Ingreso por enlace,0,,,Silencioso
+591 ···636,Miembro,Bolivia,2026-10-05,Ingreso por enlace,0,,,Silencioso
+593 ···055,Miembro,Ecuador,2026-10-04,Ingreso por enlace,0,,,Silencioso
+593 ···440,Miembro,Ecuador,2026-09-30,Ingreso por enlace,0,,,Silencioso
+593 ···968,Miembro,Ecuador,2026-09-28,Ingreso por enlace,0,,,Silencioso
@MoissCM,Miembro,,2026-09-25,Ingreso por enlace,0,,,Silencioso
